name,creator,creatorDID,description,image,type,properties,,attributes,,,,,
--,--,--,--,--,--,external_url,url,face,hair,body,background,head,personality
Cowboy Cat #1,,,"A cat that is a cowboy, embodying the spirit of the Wild West with a modern twist. This brave feline is not just any cat - it's a cat with a mission, a cat on the edge of adventure.",ipfs://QmTDxnzcvj2p3xBrKcGv1wxoyhAn2yzCQnZZ9LmFjReuH9,image/webp,,,holographic beard,white bucket cap,purple sweater with satchel,grey,gradient 2
Cowboy Cat #2,,,"An adventurous cat cowboy in the Wild West.",ipfs://QmTDxnzcvj2p3xBrKcGv1wxoyhAn2yzCQnZZ9LmFjReuH9,image/webp,,,smirking,black stetson,red bandana and blue jeans,desert,large sombrero
Cowboy Cat #3,,,"A cat ready for a night adventure, dressed in a cowboy outfit.",ipfs://QmTDxnzcvj2p3xBrKcGv1wxoyhAn2yzCQnZZ9LmFjReuH9,image/webp,,,mysterious,hidden under a hat,cloaked figure,night desert,wearing a classic cowboy hat
Cowboy Cat #4,,,"A fearless cat cowboy standing boldly against the desert night.",ipfs://QmTDxnzcvj2p3xBrKcGv1wxoyhAn2yzCQnZZ9LmFjReuH9,image/webp,,,adventurous,visible under the moonlight,dark cloak with sheriff's badge,desert,wearing a cowboy hat with a wide brim
Cowboy Cat #5,,,"Ready for an adventure in the wild, wild west, Cowboy Cat #5 showcases a humorous and colorful style. This feline sheriff is all about fun and games, donning a bright red bandana and a shiny sheriff's badge.",ipfs://QmTDxnzcvj2p3xBrKcGv1wxoyhAn2yzCQnZZ9LmFjReuH9,image/webp,,,smirking,brown cowboy hat,sheriff's badge,desert,bright red bandana
Cowboy Cat #6,,,"Embracing the mysteries of the wild west at night, Cowboy Cat #6 is all set for a nocturnal adventure. Dressed in a dark blue cowboy hat adorned with gold stars and a matching vest, this feline explorer is ready to roam the moonlit deserts.",ipfs://QmTDxnzcvj2p3xBrKcGv1wxoyhAn2yzCQnZZ9LmFjReuH9,image/webp,,,adventurous,dark blue cowboy hat with gold stars,dark blue with gold buttons,night desert,light blue neckerchief
Cowboy Cat #7,,,"A daring blend of the wild west and cyberpunk, this cat is a trailblazer in neon green and silver.",ipfs://QmTDxnzcvj2p3xBrKcGv1wxoyhAn2yzCQnZZ9LmFjReuH9,image/webp,,,cybernetic eye patch,neon green cowboy hat,metallic silver vest,digital wild west,,adventurous
Cowboy Cat #8,,,"Embodying the spirit of the Wild West, this cat cowboy stands as a symbol of traditional cowboy values, adorned with a wide-brimmed hat and a red bandana.",ipfs://QmTDxnzcvj2p3xBrKcGv1wxoyhAn2yzCQnZZ9LmFjReuH9,image/webp,,,welcoming smile,wide-brimmed cowboy hat,brown leather vest,desert landscape,red bandana
Cowboy Cat #9,,,"A confident cat cowboy standing in a desert landscape with cacti and a sunset in the background.",ipfs://QmTDxnzcvj2p3xBrKcGv1wxoyhAn2yzCQnZZ9LmFjReuH9,image/webp,,,wide-brimmed,bandana,sheriff,desert sunset,confident
Cowboy Cat #10,,,"A playful cat cowboy with a calico or tortoiseshell fur pattern, holding a lasso in a typical western town.",ipfs://QmTDxnzcvj2p3xBrKcGv1wxoyhAn2yzCQnZZ9LmFjReuH9,image/webp,,,tilted cowboy,playful smirk,calico/tortoiseshell,western town,nice
Cowboy Cat #11,,,"A futuristic cat cowboy with cybernetic enhancements and neon lights, in a sci-fi western town.",ipfs://QmTDxnzcvj2p3xBrKcGv1wxoyhAn2yzCQnZZ9LmFjReuH9,image/webp,,,high-tech cowboy,cloak,calico/tortoiseshell,neon-lit western town,cybernetic